id,username,title,message,type,read,created_date
1,조성우,조성우님이 로그인했습니다.,,info,False,2025-06-21 10:25:44
2,조성우,새 게시글: ㅁㄴㅇㄹ,조성우님이 새 게시글을 등록했습니다.,info,False,2025-06-21 10:26:32
3,장원진,새 게시글: ㅁㄴㅇㄹ,조성우님이 새 게시글을 등록했습니다.,info,False,2025-06-21 10:26:32
4,강서준,새 게시글: ㅁㄴㅇㄹ,조성우님이 새 게시글을 등록했습니다.,info,False,2025-06-21 10:26:32
5,곽승현,새 게시글: ㅁㄴㅇㄹ,조성우님이 새 게시글을 등록했습니다.,info,False,2025-06-21 10:26:32
6,김민아,새 게시글: ㅁㄴㅇㄹ,조성우님이 새 게시글을 등록했습니다.,info,False,2025-06-21 10:26:32
7,김보경,새 게시글: ㅁㄴㅇㄹ,조성우님이 새 게시글을 등록했습니다.,info,False,2025-06-21 10:26:32
8,김보민,새 게시글: ㅁㄴㅇㄹ,조성우님이 새 게시글을 등록했습니다.,info,False,2025-06-21 10:26:32
9,김영원,새 게시글: ㅁㄴㅇㄹ,조성우님이 새 게시글을 등록했습니다.,info,False,2025-06-21 10:26:32
10,김의준,새 게시글: ㅁㄴㅇㄹ,조성우님이 새 게시글을 등록했습니다.,info,False,2025-06-21 10:26:32
11,김제이,새 게시글: ㅁㄴㅇㄹ,조성우님이 새 게시글을 등록했습니다.,info,False,2025-06-21 10:26:32
12,김현서,새 게시글: ㅁㄴㅇㄹ,조성우님이 새 게시글을 등록했습니다.,info,False,2025-06-21 10:26:32
13,박규혁,새 게시글: ㅁㄴㅇㄹ,조성우님이 새 게시글을 등록했습니다.,info,False,2025-06-21 10:26:32
14,박효주,새 게시글: ㅁㄴㅇㄹ,조성우님이 새 게시글을 등록했습니다.,info,False,2025-06-21 10:26:32
15,배다인,새 게시글: ㅁㄴㅇㄹ,조성우님이 새 게시글을 등록했습니다.,info,False,2025-06-21 10:26:32
16,백주아,새 게시글: ㅁㄴㅇㄹ,조성우님이 새 게시글을 등록했습니다.,info,False,2025-06-21 10:26:32
17,신소민,새 게시글: ㅁㄴㅇㄹ,조성우님이 새 게시글을 등록했습니다.,info,False,2025-06-21 10:26:32
18,오채윤,새 게시글: ㅁㄴㅇㄹ,조성우님이 새 게시글을 등록했습니다.,info,False,2025-06-21 10:26:32
19,유수현,새 게시글: ㅁㄴㅇㄹ,조성우님이 새 게시글을 등록했습니다.,info,False,2025-06-21 10:26:32
20,장주원,새 게시글: ㅁㄴㅇㄹ,조성우님이 새 게시글을 등록했습니다.,info,False,2025-06-21 10:26:32
21,전준오,새 게시글: ㅁㄴㅇㄹ,조성우님이 새 게시글을 등록했습니다.,info,False,2025-06-21 10:26:32
22,정예준,새 게시글: ㅁㄴㅇㄹ,조성우님이 새 게시글을 등록했습니다.,info,False,2025-06-21 10:26:32
23,정지호,새 게시글: ㅁㄴㅇㄹ,조성우님이 새 게시글을 등록했습니다.,info,False,2025-06-21 10:26:32
24,정찬희,새 게시글: ㅁㄴㅇㄹ,조성우님이 새 게시글을 등록했습니다.,info,False,2025-06-21 10:26:32
25,최명준,새 게시글: ㅁㄴㅇㄹ,조성우님이 새 게시글을 등록했습니다.,info,False,2025-06-21 10:26:32
26,한동길,새 게시글: ㅁㄴㅇㄹ,조성우님이 새 게시글을 등록했습니다.,info,False,2025-06-21 10:26:32
27,한수진,새 게시글: ㅁㄴㅇㄹ,조성우님이 새 게시글을 등록했습니다.,info,False,2025-06-21 10:26:32
28,황하정,새 게시글: ㅁㄴㅇㄹ,조성우님이 새 게시글을 등록했습니다.,info,False,2025-06-21 10:26:32
29,조성우,조성우님이 로그인했습니다.,,info,False,2025-06-21 10:32:08
30,조성우,조성우님이 로그인했습니다.,,info,False,2025-06-21 11:19:49
31,조성우,조성우님이 로그인했습니다.,,info,False,2025-06-21 12:16:47
32,조성우,조성우님이 로그인했습니다.,,info,False,2025-06-21 12:17:51
33,조성우,조성우님이 로그인했습니다.,,info,False,2025-06-21 12:31:17
34,조성우,조성우님이 로그인했습니다.,,info,False,2025-06-21 12:47:05
35,조성우,조성우님이 로그인했습니다.,,info,False,2025-06-21 12:48:16
36,조성우,조성우님이 로그인했습니다.,,info,False,2025-06-21 12:48:45
37,조성우,조성우님이 로그인했습니다.,,info,False,2025-06-21 12:49:28
38,조성우,조성우님이 로그인했습니다.,,info,False,2025-06-21 12:50:42
39,조성우,조성우님이 로그인했습니다.,,info,False,2025-06-22 00:41:02
40,조성우,조성우님이 로그인했습니다.,,info,False,2025-06-22 04:45:45
41,조성우,새 회의: asdf,2025-06-22 05:02:00에 화상 회의가 예정되어 있습니다.,meeting,False,2025-06-22 05:04:54
42,장원진,새 회의: asdf,2025-06-22 05:02:00에 화상 회의가 예정되어 있습니다.,meeting,False,2025-06-22 05:04:54
43,강서준,새 회의: asdf,2025-06-22 05:02:00에 화상 회의가 예정되어 있습니다.,meeting,False,2025-06-22 05:04:55
44,곽승현,새 회의: asdf,2025-06-22 05:02:00에 화상 회의가 예정되어 있습니다.,meeting,False,2025-06-22 05:04:57
45,김민아,새 회의: asdf,2025-06-22 05:02:00에 화상 회의가 예정되어 있습니다.,meeting,False,2025-06-22 05:04:57
46,김보경,새 회의: asdf,2025-06-22 05:02:00에 화상 회의가 예정되어 있습니다.,meeting,False,2025-06-22 05:04:57
47,김보민,새 회의: asdf,2025-06-22 05:02:00에 화상 회의가 예정되어 있습니다.,meeting,False,2025-06-22 05:04:57
48,김영원,새 회의: asdf,2025-06-22 05:02:00에 화상 회의가 예정되어 있습니다.,meeting,False,2025-06-22 05:04:57
49,김의준,새 회의: asdf,2025-06-22 05:02:00에 화상 회의가 예정되어 있습니다.,meeting,False,2025-06-22 05:04:57
50,김제이,새 회의: asdf,2025-06-22 05:02:00에 화상 회의가 예정되어 있습니다.,meeting,False,2025-06-22 05:04:57
51,김현서,새 회의: asdf,2025-06-22 05:02:00에 화상 회의가 예정되어 있습니다.,meeting,False,2025-06-22 05:04:57
52,박규혁,새 회의: asdf,2025-06-22 05:02:00에 화상 회의가 예정되어 있습니다.,meeting,False,2025-06-22 05:04:57
53,박효주,새 회의: asdf,2025-06-22 05:02:00에 화상 회의가 예정되어 있습니다.,meeting,False,2025-06-22 05:04:57
54,배다인,새 회의: asdf,2025-06-22 05:02:00에 화상 회의가 예정되어 있습니다.,meeting,False,2025-06-22 05:04:57
55,백주아,새 회의: asdf,2025-06-22 05:02:00에 화상 회의가 예정되어 있습니다.,meeting,False,2025-06-22 05:04:57
56,신소민,새 회의: asdf,2025-06-22 05:02:00에 화상 회의가 예정되어 있습니다.,meeting,False,2025-06-22 05:04:57
57,오채윤,새 회의: asdf,2025-06-22 05:02:00에 화상 회의가 예정되어 있습니다.,meeting,False,2025-06-22 05:04:57
58,유수현,새 회의: asdf,2025-06-22 05:02:00에 화상 회의가 예정되어 있습니다.,meeting,False,2025-06-22 05:04:57
59,장주원,새 회의: asdf,2025-06-22 05:02:00에 화상 회의가 예정되어 있습니다.,meeting,False,2025-06-22 05:04:57
60,전준오,새 회의: asdf,2025-06-22 05:02:00에 화상 회의가 예정되어 있습니다.,meeting,False,2025-06-22 05:04:57
61,정예준,새 회의: asdf,2025-06-22 05:02:00에 화상 회의가 예정되어 있습니다.,meeting,False,2025-06-22 05:04:57
62,정지호,새 회의: asdf,2025-06-22 05:02:00에 화상 회의가 예정되어 있습니다.,meeting,False,2025-06-22 05:04:57
63,정찬희,새 회의: asdf,2025-06-22 05:02:00에 화상 회의가 예정되어 있습니다.,meeting,False,2025-06-22 05:04:57
64,최명준,새 회의: asdf,2025-06-22 05:02:00에 화상 회의가 예정되어 있습니다.,meeting,False,2025-06-22 05:04:57
65,한동길,새 회의: asdf,2025-06-22 05:02:00에 화상 회의가 예정되어 있습니다.,meeting,False,2025-06-22 05:04:57
66,한수진,새 회의: asdf,2025-06-22 05:02:00에 화상 회의가 예정되어 있습니다.,meeting,False,2025-06-22 05:04:57
67,황하정,새 회의: asdf,2025-06-22 05:02:00에 화상 회의가 예정되어 있습니다.,meeting,False,2025-06-22 05:04:57
68,조성우,새 회의: asdf,2025-06-22 05:02:00에 화상 회의가 예정되어 있습니다.,meeting,False,2025-06-22 05:05:18
69,장원진,새 회의: asdf,2025-06-22 05:02:00에 화상 회의가 예정되어 있습니다.,meeting,False,2025-06-22 05:05:18
70,강서준,새 회의: asdf,2025-06-22 05:02:00에 화상 회의가 예정되어 있습니다.,meeting,False,2025-06-22 05:05:18
71,곽승현,새 회의: asdf,2025-06-22 05:02:00에 화상 회의가 예정되어 있습니다.,meeting,False,2025-06-22 05:05:18
72,김민아,새 회의: asdf,2025-06-22 05:02:00에 화상 회의가 예정되어 있습니다.,meeting,False,2025-06-22 05:05:18
73,김보경,새 회의: asdf,2025-06-22 05:02:00에 화상 회의가 예정되어 있습니다.,meeting,False,2025-06-22 05:05:18
74,김보민,새 회의: asdf,2025-06-22 05:02:00에 화상 회의가 예정되어 있습니다.,meeting,False,2025-06-22 05:05:18
75,김영원,새 회의: asdf,2025-06-22 05:02:00에 화상 회의가 예정되어 있습니다.,meeting,False,2025-06-22 05:05:18
76,김의준,새 회의: asdf,2025-06-22 05:02:00에 화상 회의가 예정되어 있습니다.,meeting,False,2025-06-22 05:05:18
77,김제이,새 회의: asdf,2025-06-22 05:02:00에 화상 회의가 예정되어 있습니다.,meeting,False,2025-06-22 05:05:18
78,김현서,새 회의: asdf,2025-06-22 05:02:00에 화상 회의가 예정되어 있습니다.,meeting,False,2025-06-22 05:05:18
79,박규혁,새 회의: asdf,2025-06-22 05:02:00에 화상 회의가 예정되어 있습니다.,meeting,False,2025-06-22 05:05:18
80,박효주,새 회의: asdf,2025-06-22 05:02:00에 화상 회의가 예정되어 있습니다.,meeting,False,2025-06-22 05:05:18
81,배다인,새 회의: asdf,2025-06-22 05:02:00에 화상 회의가 예정되어 있습니다.,meeting,False,2025-06-22 05:05:18
82,백주아,새 회의: asdf,2025-06-22 05:02:00에 화상 회의가 예정되어 있습니다.,meeting,False,2025-06-22 05:05:18
83,신소민,새 회의: asdf,2025-06-22 05:02:00에 화상 회의가 예정되어 있습니다.,meeting,False,2025-06-22 05:05:18
84,오채윤,새 회의: asdf,2025-06-22 05:02:00에 화상 회의가 예정되어 있습니다.,meeting,False,2025-06-22 05:05:18
85,유수현,새 회의: asdf,2025-06-22 05:02:00에 화상 회의가 예정되어 있습니다.,meeting,False,2025-06-22 05:05:18
86,장주원,새 회의: asdf,2025-06-22 05:02:00에 화상 회의가 예정되어 있습니다.,meeting,False,2025-06-22 05:05:18
87,전준오,새 회의: asdf,2025-06-22 05:02:00에 화상 회의가 예정되어 있습니다.,meeting,False,2025-06-22 05:05:18
88,정예준,새 회의: asdf,2025-06-22 05:02:00에 화상 회의가 예정되어 있습니다.,meeting,False,2025-06-22 05:05:18
89,정지호,새 회의: asdf,2025-06-22 05:02:00에 화상 회의가 예정되어 있습니다.,meeting,False,2025-06-22 05:05:18
90,정찬희,새 회의: asdf,2025-06-22 05:02:00에 화상 회의가 예정되어 있습니다.,meeting,False,2025-06-22 05:05:18
91,최명준,새 회의: asdf,2025-06-22 05:02:00에 화상 회의가 예정되어 있습니다.,meeting,False,2025-06-22 05:05:18
92,한동길,새 회의: asdf,2025-06-22 05:02:00에 화상 회의가 예정되어 있습니다.,meeting,False,2025-06-22 05:05:18
93,한수진,새 회의: asdf,2025-06-22 05:02:00에 화상 회의가 예정되어 있습니다.,meeting,False,2025-06-22 05:05:18
94,황하정,새 회의: asdf,2025-06-22 05:02:00에 화상 회의가 예정되어 있습니다.,meeting,False,2025-06-22 05:05:18
95,조성우,새 회의: asdf,2025-06-22 05:02:00에 화상 회의가 예정되어 있습니다.,meeting,False,2025-06-22 05:05:30
96,장원진,새 회의: asdf,2025-06-22 05:02:00에 화상 회의가 예정되어 있습니다.,meeting,False,2025-06-22 05:05:30
97,강서준,새 회의: asdf,2025-06-22 05:02:00에 화상 회의가 예정되어 있습니다.,meeting,False,2025-06-22 05:05:30
98,곽승현,새 회의: asdf,2025-06-22 05:02:00에 화상 회의가 예정되어 있습니다.,meeting,False,2025-06-22 05:05:30
99,김민아,새 회의: asdf,2025-06-22 05:02:00에 화상 회의가 예정되어 있습니다.,meeting,False,2025-06-22 05:05:30
100,김보경,새 회의: asdf,2025-06-22 05:02:00에 화상 회의가 예정되어 있습니다.,meeting,False,2025-06-22 05:05:30
101,김보민,새 회의: asdf,2025-06-22 05:02:00에 화상 회의가 예정되어 있습니다.,meeting,False,2025-06-22 05:05:30
102,김영원,새 회의: asdf,2025-06-22 05:02:00에 화상 회의가 예정되어 있습니다.,meeting,False,2025-06-22 05:05:30
103,김의준,새 회의: asdf,2025-06-22 05:02:00에 화상 회의가 예정되어 있습니다.,meeting,False,2025-06-22 05:05:30
104,김제이,새 회의: asdf,2025-06-22 05:02:00에 화상 회의가 예정되어 있습니다.,meeting,False,2025-06-22 05:05:30
105,김현서,새 회의: asdf,2025-06-22 05:02:00에 화상 회의가 예정되어 있습니다.,meeting,False,2025-06-22 05:05:30
106,박규혁,새 회의: asdf,2025-06-22 05:02:00에 화상 회의가 예정되어 있습니다.,meeting,False,2025-06-22 05:05:30
107,박효주,새 회의: asdf,2025-06-22 05:02:00에 화상 회의가 예정되어 있습니다.,meeting,False,2025-06-22 05:05:30
108,배다인,새 회의: asdf,2025-06-22 05:02:00에 화상 회의가 예정되어 있습니다.,meeting,False,2025-06-22 05:05:31
109,백주아,새 회의: asdf,2025-06-22 05:02:00에 화상 회의가 예정되어 있습니다.,meeting,False,2025-06-22 05:05:31
110,신소민,새 회의: asdf,2025-06-22 05:02:00에 화상 회의가 예정되어 있습니다.,meeting,False,2025-06-22 05:05:31
111,오채윤,새 회의: asdf,2025-06-22 05:02:00에 화상 회의가 예정되어 있습니다.,meeting,False,2025-06-22 05:05:31
112,유수현,새 회의: asdf,2025-06-22 05:02:00에 화상 회의가 예정되어 있습니다.,meeting,False,2025-06-22 05:05:31
113,장주원,새 회의: asdf,2025-06-22 05:02:00에 화상 회의가 예정되어 있습니다.,meeting,False,2025-06-22 05:05:31
114,전준오,새 회의: asdf,2025-06-22 05:02:00에 화상 회의가 예정되어 있습니다.,meeting,False,2025-06-22 05:05:31
115,정예준,새 회의: asdf,2025-06-22 05:02:00에 화상 회의가 예정되어 있습니다.,meeting,False,2025-06-22 05:05:31
116,정지호,새 회의: asdf,2025-06-22 05:02:00에 화상 회의가 예정되어 있습니다.,meeting,False,2025-06-22 05:05:31
117,정찬희,새 회의: asdf,2025-06-22 05:02:00에 화상 회의가 예정되어 있습니다.,meeting,False,2025-06-22 05:05:31
118,최명준,새 회의: asdf,2025-06-22 05:02:00에 화상 회의가 예정되어 있습니다.,meeting,False,2025-06-22 05:05:31
119,한동길,새 회의: asdf,2025-06-22 05:02:00에 화상 회의가 예정되어 있습니다.,meeting,False,2025-06-22 05:05:31
120,한수진,새 회의: asdf,2025-06-22 05:02:00에 화상 회의가 예정되어 있습니다.,meeting,False,2025-06-22 05:05:31
121,황하정,새 회의: asdf,2025-06-22 05:02:00에 화상 회의가 예정되어 있습니다.,meeting,False,2025-06-22 05:05:31
122,조성우,새 회의: asdf,2025-06-22 05:02:00에 화상 회의가 예정되어 있습니다.,meeting,False,2025-06-22 05:05:48
123,장원진,새 회의: asdf,2025-06-22 05:02:00에 화상 회의가 예정되어 있습니다.,meeting,False,2025-06-22 05:05:48
124,강서준,새 회의: asdf,2025-06-22 05:02:00에 화상 회의가 예정되어 있습니다.,meeting,False,2025-06-22 05:05:48
125,곽승현,새 회의: asdf,2025-06-22 05:02:00에 화상 회의가 예정되어 있습니다.,meeting,False,2025-06-22 05:05:48
126,김민아,새 회의: asdf,2025-06-22 05:02:00에 화상 회의가 예정되어 있습니다.,meeting,False,2025-06-22 05:05:48
127,김보경,새 회의: asdf,2025-06-22 05:02:00에 화상 회의가 예정되어 있습니다.,meeting,False,2025-06-22 05:05:48
128,김보민,새 회의: asdf,2025-06-22 05:02:00에 화상 회의가 예정되어 있습니다.,meeting,False,2025-06-22 05:05:48
129,김영원,새 회의: asdf,2025-06-22 05:02:00에 화상 회의가 예정되어 있습니다.,meeting,False,2025-06-22 05:05:48
130,김의준,새 회의: asdf,2025-06-22 05:02:00에 화상 회의가 예정되어 있습니다.,meeting,False,2025-06-22 05:05:48
131,김제이,새 회의: asdf,2025-06-22 05:02:00에 화상 회의가 예정되어 있습니다.,meeting,False,2025-06-22 05:05:48
132,김현서,새 회의: asdf,2025-06-22 05:02:00에 화상 회의가 예정되어 있습니다.,meeting,False,2025-06-22 05:05:48
133,박규혁,새 회의: asdf,2025-06-22 05:02:00에 화상 회의가 예정되어 있습니다.,meeting,False,2025-06-22 05:05:48
134,박효주,새 회의: asdf,2025-06-22 05:02:00에 화상 회의가 예정되어 있습니다.,meeting,False,2025-06-22 05:05:48
135,배다인,새 회의: asdf,2025-06-22 05:02:00에 화상 회의가 예정되어 있습니다.,meeting,False,2025-06-22 05:05:48
136,백주아,새 회의: asdf,2025-06-22 05:02:00에 화상 회의가 예정되어 있습니다.,meeting,False,2025-06-22 05:05:48
137,신소민,새 회의: asdf,2025-06-22 05:02:00에 화상 회의가 예정되어 있습니다.,meeting,False,2025-06-22 05:05:48
138,오채윤,새 회의: asdf,2025-06-22 05:02:00에 화상 회의가 예정되어 있습니다.,meeting,False,2025-06-22 05:05:48
139,유수현,새 회의: asdf,2025-06-22 05:02:00에 화상 회의가 예정되어 있습니다.,meeting,False,2025-06-22 05:05:48
140,장주원,새 회의: asdf,2025-06-22 05:02:00에 화상 회의가 예정되어 있습니다.,meeting,False,2025-06-22 05:05:48
141,전준오,새 회의: asdf,2025-06-22 05:02:00에 화상 회의가 예정되어 있습니다.,meeting,False,2025-06-22 05:05:48
142,정예준,새 회의: asdf,2025-06-22 05:02:00에 화상 회의가 예정되어 있습니다.,meeting,False,2025-06-22 05:05:48
143,정지호,새 회의: asdf,2025-06-22 05:02:00에 화상 회의가 예정되어 있습니다.,meeting,False,2025-06-22 05:05:48
144,정찬희,새 회의: asdf,2025-06-22 05:02:00에 화상 회의가 예정되어 있습니다.,meeting,False,2025-06-22 05:05:48
145,최명준,새 회의: asdf,2025-06-22 05:02:00에 화상 회의가 예정되어 있습니다.,meeting,False,2025-06-22 05:05:48
146,한동길,새 회의: asdf,2025-06-22 05:02:00에 화상 회의가 예정되어 있습니다.,meeting,False,2025-06-22 05:05:48
147,한수진,새 회의: asdf,2025-06-22 05:02:00에 화상 회의가 예정되어 있습니다.,meeting,False,2025-06-22 05:05:48
148,황하정,새 회의: asdf,2025-06-22 05:02:00에 화상 회의가 예정되어 있습니다.,meeting,False,2025-06-22 05:05:48
150,장원진,새 회의: asdfASDf,2025-06-22 02:00:00에 화상 회의가 예정되어 있습니다.,meeting,False,2025-06-22 05:06:02
151,강서준,새 회의: asdfASDf,2025-06-22 02:00:00에 화상 회의가 예정되어 있습니다.,meeting,False,2025-06-22 05:06:02
152,곽승현,새 회의: asdfASDf,2025-06-22 02:00:00에 화상 회의가 예정되어 있습니다.,meeting,False,2025-06-22 05:06:03
153,김민아,새 회의: asdfASDf,2025-06-22 02:00:00에 화상 회의가 예정되어 있습니다.,meeting,False,2025-06-22 05:06:03
154,김보경,새 회의: asdfASDf,2025-06-22 02:00:00에 화상 회의가 예정되어 있습니다.,meeting,False,2025-06-22 05:06:03
155,김보민,새 회의: asdfASDf,2025-06-22 02:00:00에 화상 회의가 예정되어 있습니다.,meeting,False,2025-06-22 05:06:03
156,김영원,새 회의: asdfASDf,2025-06-22 02:00:00에 화상 회의가 예정되어 있습니다.,meeting,False,2025-06-22 05:06:03
157,김의준,새 회의: asdfASDf,2025-06-22 02:00:00에 화상 회의가 예정되어 있습니다.,meeting,False,2025-06-22 05:06:03
158,김제이,새 회의: asdfASDf,2025-06-22 02:00:00에 화상 회의가 예정되어 있습니다.,meeting,False,2025-06-22 05:06:03
159,김현서,새 회의: asdfASDf,2025-06-22 02:00:00에 화상 회의가 예정되어 있습니다.,meeting,False,2025-06-22 05:06:03
160,박규혁,새 회의: asdfASDf,2025-06-22 02:00:00에 화상 회의가 예정되어 있습니다.,meeting,False,2025-06-22 05:06:03
161,박효주,새 회의: asdfASDf,2025-06-22 02:00:00에 화상 회의가 예정되어 있습니다.,meeting,False,2025-06-22 05:06:03
162,배다인,새 회의: asdfASDf,2025-06-22 02:00:00에 화상 회의가 예정되어 있습니다.,meeting,False,2025-06-22 05:06:03
163,백주아,새 회의: asdfASDf,2025-06-22 02:00:00에 화상 회의가 예정되어 있습니다.,meeting,False,2025-06-22 05:06:03
164,신소민,새 회의: asdfASDf,2025-06-22 02:00:00에 화상 회의가 예정되어 있습니다.,meeting,False,2025-06-22 05:06:03
165,오채윤,새 회의: asdfASDf,2025-06-22 02:00:00에 화상 회의가 예정되어 있습니다.,meeting,False,2025-06-22 05:06:03
166,유수현,새 회의: asdfASDf,2025-06-22 02:00:00에 화상 회의가 예정되어 있습니다.,meeting,False,2025-06-22 05:06:03
167,장주원,새 회의: asdfASDf,2025-06-22 02:00:00에 화상 회의가 예정되어 있습니다.,meeting,False,2025-06-22 05:06:03
168,전준오,새 회의: asdfASDf,2025-06-22 02:00:00에 화상 회의가 예정되어 있습니다.,meeting,False,2025-06-22 05:06:03
169,정예준,새 회의: asdfASDf,2025-06-22 02:00:00에 화상 회의가 예정되어 있습니다.,meeting,False,2025-06-22 05:06:03
170,정지호,새 회의: asdfASDf,2025-06-22 02:00:00에 화상 회의가 예정되어 있습니다.,meeting,False,2025-06-22 05:06:03
171,정찬희,새 회의: asdfASDf,2025-06-22 02:00:00에 화상 회의가 예정되어 있습니다.,meeting,False,2025-06-22 05:06:03
172,최명준,새 회의: asdfASDf,2025-06-22 02:00:00에 화상 회의가 예정되어 있습니다.,meeting,False,2025-06-22 05:06:03
173,한동길,새 회의: asdfASDf,2025-06-22 02:00:00에 화상 회의가 예정되어 있습니다.,meeting,False,2025-06-22 05:06:03
174,한수진,새 회의: asdfASDf,2025-06-22 02:00:00에 화상 회의가 예정되어 있습니다.,meeting,False,2025-06-22 05:06:03
175,황하정,새 회의: asdfASDf,2025-06-22 02:00:00에 화상 회의가 예정되어 있습니다.,meeting,False,2025-06-22 05:06:03
176,강서준,강서준님이 로그인했습니다.,,info,False,2025-06-22 05:09:30
177,최명준,최명준님이 로그인했습니다.,,info,False,2025-06-22 05:09:41
178,조성우,새 메시지 (전체),조성우: asdf,info,False,2025-06-22 11:24:05
179,장원진,새 메시지 (전체),조성우: asdf,info,False,2025-06-22 11:24:05
180,강서준,새 메시지 (전체),조성우: asdf,info,False,2025-06-22 11:24:05
181,곽승현,새 메시지 (전체),조성우: asdf,info,False,2025-06-22 11:24:05
182,김민아,새 메시지 (전체),조성우: asdf,info,False,2025-06-22 11:24:05
183,김보경,새 메시지 (전체),조성우: asdf,info,False,2025-06-22 11:24:05
184,김보민,새 메시지 (전체),조성우: asdf,info,False,2025-06-22 11:24:05
185,김영원,새 메시지 (전체),조성우: asdf,info,False,2025-06-22 11:24:05
186,김의준,새 메시지 (전체),조성우: asdf,info,False,2025-06-22 11:24:05
187,김제이,새 메시지 (전체),조성우: asdf,info,False,2025-06-22 11:24:05
188,조성우,새 메시지 (전체),조성우: aaa,info,False,2025-06-22 11:24:11
189,장원진,새 메시지 (전체),조성우: aaa,info,False,2025-06-22 11:24:11
190,강서준,새 메시지 (전체),조성우: aaa,info,False,2025-06-22 11:24:11
191,곽승현,새 메시지 (전체),조성우: aaa,info,False,2025-06-22 11:24:11
192,김민아,새 메시지 (전체),조성우: aaa,info,False,2025-06-22 11:24:11
193,김보경,새 메시지 (전체),조성우: aaa,info,False,2025-06-22 11:24:11
194,김보민,새 메시지 (전체),조성우: aaa,info,False,2025-06-22 11:24:11
195,김영원,새 메시지 (전체),조성우: aaa,info,False,2025-06-22 11:24:11
196,김의준,새 메시지 (전체),조성우: aaa,info,False,2025-06-22 11:24:11
197,김제이,새 메시지 (전체),조성우: aaa,info,False,2025-06-22 11:24:11
198,김현서,새 메시지 (전체),조성우: aaa,info,False,2025-06-22 11:24:11
199,박규혁,새 메시지 (전체),조성우: aaa,info,False,2025-06-22 11:24:11
200,박효주,새 메시지 (전체),조성우: aaa,info,False,2025-06-22 11:24:11
201,배다인,새 메시지 (전체),조성우: aaa,info,False,2025-06-22 11:24:11
202,백주아,새 메시지 (전체),조성우: aaa,info,False,2025-06-22 11:24:11
203,신소민,새 메시지 (전체),조성우: aaa,info,False,2025-06-22 11:24:11
204,오채윤,새 메시지 (전체),조성우: aaa,info,False,2025-06-22 11:24:11
205,유수현,새 메시지 (전체),조성우: aaa,info,False,2025-06-22 11:24:11
206,장주원,새 메시지 (전체),조성우: aaa,info,False,2025-06-22 11:24:11
207,전준오,새 메시지 (전체),조성우: aaa,info,False,2025-06-22 11:24:11
208,정예준,새 메시지 (전체),조성우: aaa,info,False,2025-06-22 11:24:11
209,정지호,새 메시지 (전체),조성우: aaa,info,False,2025-06-22 11:24:11
210,정찬희,새 메시지 (전체),조성우: aaa,info,False,2025-06-22 11:24:11
211,최명준,새 메시지 (전체),조성우: aaa,info,False,2025-06-22 11:24:11
212,한동길,새 메시지 (전체),조성우: aaa,info,False,2025-06-22 11:24:11
213,한수진,새 메시지 (전체),조성우: aaa,info,False,2025-06-22 11:24:11
214,황하정,새 메시지 (전체),조성우: aaa,info,False,2025-06-22 11:24:11
215,조성우,새 과제: asdf,조성우님이 새 과제를 등록했습니다. 마감일: 2025-06-22,info,False,2025-06-22 11:24:38
216,장원진,새 과제: asdf,조성우님이 새 과제를 등록했습니다. 마감일: 2025-06-22,info,False,2025-06-22 11:24:38
217,강서준,새 과제: asdf,조성우님이 새 과제를 등록했습니다. 마감일: 2025-06-22,info,False,2025-06-22 11:24:38
218,곽승현,새 과제: asdf,조성우님이 새 과제를 등록했습니다. 마감일: 2025-06-22,info,False,2025-06-22 11:24:38
219,김민아,새 과제: asdf,조성우님이 새 과제를 등록했습니다. 마감일: 2025-06-22,info,False,2025-06-22 11:24:38
220,김보경,새 과제: asdf,조성우님이 새 과제를 등록했습니다. 마감일: 2025-06-22,info,False,2025-06-22 11:24:38
221,김보민,새 과제: asdf,조성우님이 새 과제를 등록했습니다. 마감일: 2025-06-22,info,False,2025-06-22 11:24:38
222,김영원,새 과제: asdf,조성우님이 새 과제를 등록했습니다. 마감일: 2025-06-22,info,False,2025-06-22 11:24:38
223,김의준,새 과제: asdf,조성우님이 새 과제를 등록했습니다. 마감일: 2025-06-22,info,False,2025-06-22 11:24:38
224,김제이,새 과제: asdf,조성우님이 새 과제를 등록했습니다. 마감일: 2025-06-22,info,False,2025-06-22 11:24:38
225,김현서,새 과제: asdf,조성우님이 새 과제를 등록했습니다. 마감일: 2025-06-22,info,False,2025-06-22 11:24:38
226,박규혁,새 과제: asdf,조성우님이 새 과제를 등록했습니다. 마감일: 2025-06-22,info,False,2025-06-22 11:24:38
227,박효주,새 과제: asdf,조성우님이 새 과제를 등록했습니다. 마감일: 2025-06-22,info,False,2025-06-22 11:24:38
228,배다인,새 과제: asdf,조성우님이 새 과제를 등록했습니다. 마감일: 2025-06-22,info,False,2025-06-22 11:24:38
229,백주아,새 과제: asdf,조성우님이 새 과제를 등록했습니다. 마감일: 2025-06-22,info,False,2025-06-22 11:24:38
230,신소민,새 과제: asdf,조성우님이 새 과제를 등록했습니다. 마감일: 2025-06-22,info,False,2025-06-22 11:24:38
231,오채윤,새 과제: asdf,조성우님이 새 과제를 등록했습니다. 마감일: 2025-06-22,info,False,2025-06-22 11:24:38
232,유수현,새 과제: asdf,조성우님이 새 과제를 등록했습니다. 마감일: 2025-06-22,info,False,2025-06-22 11:24:38
233,장주원,새 과제: asdf,조성우님이 새 과제를 등록했습니다. 마감일: 2025-06-22,info,False,2025-06-22 11:24:38
234,전준오,새 과제: asdf,조성우님이 새 과제를 등록했습니다. 마감일: 2025-06-22,info,False,2025-06-22 11:24:38
235,정예준,새 과제: asdf,조성우님이 새 과제를 등록했습니다. 마감일: 2025-06-22,info,False,2025-06-22 11:24:38
236,정지호,새 과제: asdf,조성우님이 새 과제를 등록했습니다. 마감일: 2025-06-22,info,False,2025-06-22 11:24:38
237,정찬희,새 과제: asdf,조성우님이 새 과제를 등록했습니다. 마감일: 2025-06-22,info,False,2025-06-22 11:24:38
238,최명준,새 과제: asdf,조성우님이 새 과제를 등록했습니다. 마감일: 2025-06-22,info,False,2025-06-22 11:24:38
239,한동길,새 과제: asdf,조성우님이 새 과제를 등록했습니다. 마감일: 2025-06-22,info,False,2025-06-22 11:24:38
240,한수진,새 과제: asdf,조성우님이 새 과제를 등록했습니다. 마감일: 2025-06-22,info,False,2025-06-22 11:24:38
241,황하정,새 과제: asdf,조성우님이 새 과제를 등록했습니다. 마감일: 2025-06-22,info,False,2025-06-22 11:24:38
242,강서준,강서준님이 로그인했습니다.,,info,False,2025-06-22 12:51:59
243,강서준,강서준님이 로그인했습니다.,,info,False,2025-06-22 12:52:39
244,강서준,강서준님이 로그인했습니다.,,info,False,2025-06-22 13:05:01
245,강서준,강서준님이 로그인했습니다.,,info,False,2025-06-22 13:09:05
